sensor_id,pga_mps2,pgv_mps
STN_A,1.1601277312326352,0.05079204300177331
STN_B,0.9586962671967342,0.12618695843776853
STN_C,1.40632471512173,0.3356642410458204
